{"cameraMode":{"drawMode":0,"name":"Shaded","section":"Shading Mode"},"sceneLighting":true,"audioPlay":false,"sceneViewState":{"showFog":true,"showMaterialUpdate":true,"showSkybox":true,"showFlares":true,"showImageEffects":true,"showParticleSystems":true},"in2DMode":false,"pivot":{"x":-5.257255554199219,"y":-21.553386688232423,"z":27.424901962280275},"rotation":{"x":-0.1929866224527359,"y":0.7366429567337036,"z":-0.23540645837783814,"w":-0.6039012670516968},"size":105.57701873779297,"orthographic":false}